{"cameraMode":{"drawMode":0,"name":"Shaded","section":"Shading Mode"},"sceneLighting":true,"audioPlay":false,"sceneViewState":{"showFog":true,"showMaterialUpdate":false,"showSkybox":true,"showFlares":true,"showImageEffects":true,"showParticleSystems":true},"in2DMode":false,"pivot":{"x":-5.868716239929199,"y":1.7122654914855958,"z":-2.4054746627807619},"rotation":{"x":0.2429904341697693,"y":-0.12358513474464417,"z":0.031233588233590127,"w":0.9616528749465942},"size":8.291054725646973,"orthographic":false}