{"cameraMode":{"drawMode":0,"name":"Shaded","section":"Shading Mode"},"sceneLighting":true,"audioPlay":false,"sceneViewState":{"showFog":true,"showMaterialUpdate":false,"showSkybox":true,"showFlares":true,"showImageEffects":true,"showParticleSystems":true},"in2DMode":false,"pivot":{"x":-3.3032829761505129,"y":-0.05842924118041992,"z":-6.345465660095215},"rotation":{"x":0.20485645532608033,"y":-0.2654218375682831,"z":0.05782317370176315,"w":0.9403510093688965},"size":6.7314453125,"orthographic":false}