{"cameraMode":{"drawMode":0,"name":"Shaded","section":"Shading Mode"},"sceneLighting":true,"audioPlay":false,"sceneViewState":{"showFog":true,"showMaterialUpdate":false,"showSkybox":true,"showFlares":true,"showImageEffects":true,"showParticleSystems":true},"in2DMode":false,"pivot":{"x":-2.9463729858398439,"y":1.4497966766357422,"z":-4.939533233642578},"rotation":{"x":0.20059731602668763,"y":0.3372719883918762,"z":-0.07379085570573807,"w":0.9168355464935303},"size":5.344880104064941,"orthographic":false}