{"cameraMode":{"drawMode":0,"name":"Shaded","section":"Shading Mode"},"sceneLighting":false,"audioPlay":false,"sceneViewState":{"showFog":true,"showMaterialUpdate":false,"showSkybox":false,"showFlares":true,"showImageEffects":true,"showParticleSystems":true},"in2DMode":false,"pivot":{"x":-2.9039392471313478,"y":2.0393826961517336,"z":23.385726928710939},"rotation":{"x":0.15638163685798646,"y":-0.07636548578739166,"z":0.012130776420235634,"w":0.9846779704093933},"size":4.019679546356201,"orthographic":false}