{"cameraMode":{"drawMode":0,"name":"Shaded","section":"Shading Mode"},"sceneLighting":true,"audioPlay":false,"sceneViewState":{"showFog":true,"showMaterialUpdate":false,"showSkybox":true,"showFlares":true,"showImageEffects":true,"showParticleSystems":true},"in2DMode":false,"pivot":{"x":-3.72965145111084,"y":-3.624148368835449,"z":0.8455982208251953},"rotation":{"x":0.23924537003040315,"y":-0.07885010540485382,"z":0.01951545476913452,"w":0.9675920605659485},"size":12.182022094726563,"orthographic":false}