{"cameraMode":{"drawMode":0,"name":"Shaded","section":"Shading Mode"},"sceneLighting":true,"audioPlay":false,"sceneViewState":{"showFog":true,"showMaterialUpdate":false,"showSkybox":true,"showFlares":true,"showImageEffects":true,"showParticleSystems":true},"in2DMode":false,"pivot":{"x":0.07544660568237305,"y":-0.3348565101623535,"z":0.15567874908447267},"rotation":{"x":0.1580711454153061,"y":0.35684332251548769,"z":-0.06139804422855377,"w":0.9186591506004334},"size":5.278670787811279,"orthographic":false}