{"cameraMode":{"drawMode":0,"name":"Shaded","section":"Shading Mode"},"sceneLighting":true,"audioPlay":false,"sceneViewState":{"showFog":true,"showMaterialUpdate":false,"showSkybox":true,"showFlares":true,"showImageEffects":true,"showParticleSystems":true},"in2DMode":false,"pivot":{"x":-4.102298736572266,"y":2.082145929336548,"z":-3.6771163940429689},"rotation":{"x":0.09350094944238663,"y":0.2769557535648346,"z":-0.027089223265647889,"w":0.9559434652328491},"size":2.2709944248199465,"orthographic":false}