{"cameraMode":{"drawMode":0,"name":"Shaded","section":"Shading Mode"},"sceneLighting":true,"audioPlay":false,"sceneViewState":{"showFog":true,"showMaterialUpdate":false,"showSkybox":true,"showFlares":true,"showImageEffects":true,"showParticleSystems":true},"in2DMode":false,"pivot":{"x":-0.9385600090026856,"y":0.2224736213684082,"z":0.7033319473266602},"rotation":{"x":0.11814898997545243,"y":0.32573145627975466,"z":-0.04103809595108032,"w":0.9371824860572815},"size":5.876327991485596,"orthographic":false}