{"cameraMode":{"drawMode":0,"name":"Shaded","section":"Shading Mode"},"sceneLighting":true,"audioPlay":false,"sceneViewState":{"showFog":true,"showMaterialUpdate":false,"showSkybox":true,"showFlares":true,"showImageEffects":true,"showParticleSystems":true},"in2DMode":false,"pivot":{"x":-3.2027430534362795,"y":0.45043623447418215,"z":-2.425637722015381},"rotation":{"x":-0.159451425075531,"y":-0.29700857400894167,"z":0.05036504566669464,"w":-0.9401616454124451},"size":3.399038553237915,"orthographic":false}