{"cameraMode":{"drawMode":0,"name":"Shaded","section":"Shading Mode"},"sceneLighting":true,"audioPlay":false,"sceneViewState":{"showFog":true,"showMaterialUpdate":false,"showSkybox":true,"showFlares":true,"showImageEffects":true,"showParticleSystems":true},"in2DMode":false,"pivot":{"x":-1.2465457916259766,"y":1.887864112854004,"z":0.443666934967041},"rotation":{"x":0.08577080070972443,"y":-0.7519190311431885,"z":0.09983693808317185,"w":0.6460282802581787},"size":11.698275566101075,"orthographic":false}