{"cameraMode":{"drawMode":0,"name":"Shaded","section":"Shading Mode"},"sceneLighting":true,"audioPlay":false,"sceneViewState":{"showFog":true,"showMaterialUpdate":false,"showSkybox":true,"showFlares":true,"showImageEffects":true,"showParticleSystems":true},"in2DMode":false,"pivot":{"x":13.847572326660157,"y":-8.567913055419922,"z":10.518518447875977},"rotation":{"x":0.14892776310443879,"y":0.28766438364982607,"z":-0.04533353075385094,"w":0.9449995160102844},"size":19.56867027282715,"orthographic":false}