{"cameraMode":{"drawMode":0,"name":"Shaded","section":"Shading Mode"},"sceneLighting":true,"audioPlay":false,"sceneViewState":{"showFog":true,"showMaterialUpdate":false,"showSkybox":true,"showFlares":true,"showImageEffects":true,"showParticleSystems":true},"in2DMode":false,"pivot":{"x":-2.1812615394592287,"y":2.18351411819458,"z":-8.09974479675293},"rotation":{"x":0.1173374354839325,"y":0.5812471508979797,"z":-0.08516933768987656,"w":0.8007239699363709},"size":3.66762113571167,"orthographic":false}