{"cameraMode":{"drawMode":0,"name":"Shaded","section":"Shading Mode"},"sceneLighting":true,"audioPlay":false,"sceneViewState":{"showFog":true,"showMaterialUpdate":false,"showSkybox":true,"showFlares":true,"showImageEffects":true,"showParticleSystems":true},"in2DMode":false,"pivot":{"x":1.359586238861084,"y":1.3080899715423585,"z":3.5675511360168459},"rotation":{"x":-0.16203919053077699,"y":-0.32509204745292666,"z":0.05663853511214256,"w":-0.9300157427787781},"size":5.22794246673584,"orthographic":false}