{"cameraMode":{"drawMode":0,"name":"Shaded","section":"Shading Mode"},"sceneLighting":true,"audioPlay":false,"sceneViewState":{"showFog":true,"showMaterialUpdate":false,"showSkybox":true,"showFlares":true,"showImageEffects":true,"showParticleSystems":true},"in2DMode":false,"pivot":{"x":-0.34177589416503909,"y":1.1083579063415528,"z":2.8678109645843508},"rotation":{"x":-0.12894722819328309,"y":-0.5928560495376587,"z":0.09690067172050476,"w":-0.7890328764915466},"size":5.30718469619751,"orthographic":false}