{"cameraMode":{"drawMode":0,"name":"Shaded","section":"Shading Mode"},"sceneLighting":true,"audioPlay":false,"sceneViewState":{"showFog":true,"showMaterialUpdate":false,"showSkybox":true,"showFlares":true,"showImageEffects":true,"showParticleSystems":true},"in2DMode":false,"pivot":{"x":7.033109664916992,"y":-9.743875503540039,"z":1.8627824783325196},"rotation":{"x":0.3002054691314697,"y":0.5512891411781311,"z":-0.2217903882265091,"w":0.7461921572685242},"size":13.7130765914917,"orthographic":false}