{"cameraMode":{"drawMode":0,"name":"Shaded","section":"Shading Mode"},"sceneLighting":true,"audioPlay":false,"sceneViewState":{"showFog":true,"showMaterialUpdate":false,"showSkybox":true,"showFlares":true,"showImageEffects":true,"showParticleSystems":true},"in2DMode":false,"pivot":{"x":-8.1885986328125,"y":0.6926836967468262,"z":-1.5253534317016602},"rotation":{"x":0.1443793624639511,"y":-0.4232368469238281,"z":0.06851878762245178,"w":0.891822338104248},"size":8.543046951293946,"orthographic":false}