{"cameraMode":{"drawMode":0,"name":"Shaded","section":"Shading Mode"},"sceneLighting":true,"audioPlay":false,"sceneViewState":{"showFog":true,"showMaterialUpdate":false,"showSkybox":true,"showFlares":true,"showImageEffects":true,"showParticleSystems":true},"in2DMode":false,"pivot":{"x":0.2490215301513672,"y":-0.1180429458618164,"z":-0.7729387283325195},"rotation":{"x":0.1373000144958496,"y":0.4028659760951996,"z":-0.06122734025120735,"w":0.9028785228729248},"size":7.87114143371582,"orthographic":false}