{"cameraMode":{"drawMode":0,"name":"Shaded","section":"Shading Mode"},"sceneLighting":false,"audioPlay":false,"sceneViewState":{"showFog":true,"showMaterialUpdate":false,"showSkybox":false,"showFlares":true,"showImageEffects":true,"showParticleSystems":true},"in2DMode":false,"pivot":{"x":0.000001430511474609375,"y":0.3323972225189209,"z":-9.577564239501954},"rotation":{"x":0.10803068429231644,"y":-0.3462916612625122,"z":0.04014153778553009,"w":0.9310601949691773},"size":2.0096633434295656,"orthographic":false}