{"cameraMode":{"drawMode":0,"name":"Shaded","section":"Shading Mode"},"sceneLighting":true,"audioPlay":false,"sceneViewState":{"showFog":true,"showMaterialUpdate":false,"showSkybox":true,"showFlares":true,"showImageEffects":true,"showParticleSystems":true},"in2DMode":false,"pivot":{"x":15.265527725219727,"y":2.0570197105407717,"z":-7.682517051696777},"rotation":{"x":0.027530742809176446,"y":0.643722653388977,"z":-0.02318405732512474,"w":0.7644128203392029},"size":13.04681396484375,"orthographic":false}